{"stat.useItem.356":193,"stat.leaveGame":1,"stat.killEntity.Slime":55,"stat.useItem.69":54,"stat.useItem.77":67,"stat.jump":1823,"stat.useItem.73":1,"stat.useItem.129":17,"stat.useItem.404":8,"achievement.exploreAllBiomes":{"value":0,"progress":["Plains"]},"stat.useItem.42":109,"stat.useItem.331":202,"stat.useItem.41":119,"stat.damageTaken":2147483645,"stat.killEntity.Enderman":1,"stat.useItem.46":12,"stat.useItem.49":2348,"stat.flyOneCm":955524,"stat.useItem.56":11,"stat.damageDealt":16178,"stat.useItem.57":595,"stat.useItem.20":1061,"stat.useItem.152":86,"stat.useItem.21":29,"stat.useItem.22":94,"stat.useItem.23":32,"stat.walkOneCm":1053832,"stat.killEntity.Creeper":1,"stat.useItem.323":4,"stat.useItem.173":102,"stat.useItem.133":82,"stat.killEntity.Skeleton":3,"stat.useItem.89":1376,"stat.useItem.137":44,"stat.useItem.85":307,"achievement.openInventory":112,"stat.useItem.259":4,"stat.killEntity.Spider":4,"stat.mobKills":68,"stat.useItem.7":311,"stat.useItem.143":2,"stat.deaths":3,"stat.useItem.146":8,"stat.drop":124,"stat.useItem.145":2,"stat.playOneMinute":334179,"stat.useItem.3":116,"stat.killEntity.Zombie":2,"stat.useItem.17":10,"stat.useItem.14":62,"stat.useItem.15":48,"stat.useItem.16":40}